[
  {
    "id": "3287c089-4415-47eb-b0ea-ad7332a2c046",
    "data": [
      {
        "text": "I had a ",
        "userDefined": false
      },
      {
        "text": "hamburger",
        "meta": "@foodDrink",
        "alias": "foodDrink",
        "userDefined": false
      },
      {
        "text": ", ",
        "userDefined": false
      },
      {
        "text": "fries",
        "meta": "@foodDrink",
        "alias": "foodDrink",
        "userDefined": false
      },
      {
        "text": ", and a ",
        "userDefined": false
      },
      {
        "text": "diet coke",
        "meta": "@foodDrink",
        "alias": "foodDrink",
        "userDefined": false
      },
      {
        "text": ".",
        "userDefined": false
      }
    ],
    "isTemplate": false,
    "count": 0,
    "lang": "en",
    "updated": 0
  },
  {
    "id": "56d45557-cc2b-4c3c-a566-3a306374c497",
    "data": [
      {
        "text": "For ",
        "userDefined": false
      },
      {
        "text": "lunch",
        "meta": "@meal",
        "alias": "meal",
        "userDefined": true
      },
      {
        "text": " I had a ",
        "userDefined": false
      },
      {
        "text": "hamburger",
        "meta": "@foodDrink",
        "alias": "foodDrink",
        "userDefined": true
      },
      {
        "text": ", ",
        "userDefined": false
      },
      {
        "text": "fries",
        "meta": "@foodDrink",
        "alias": "foodDrink",
        "userDefined": true
      },
      {
        "text": ", and a ",
        "userDefined": false
      },
      {
        "text": "diet coke",
        "meta": "@foodDrink",
        "alias": "foodDrink",
        "userDefined": true
      },
      {
        "text": ".",
        "userDefined": false
      }
    ],
    "isTemplate": false,
    "count": 0,
    "lang": "en",
    "updated": 0
  }
]