[
  {
    "id": "b0a86103-9f00-4fd0-83f4-1f8d545fedd1",
    "data": [
      {
        "text": "Make an appointment for ",
        "userDefined": false
      },
      {
        "text": "three",
        "meta": "@sys.date-time",
        "alias": "dateTime",
        "userDefined": true
      },
      {
        "text": " ",
        "userDefined": false
      },
      {
        "text": "PM",
        "meta": "@AMPM",
        "alias": "AMPM",
        "userDefined": true
      },
      {
        "text": ".",
        "userDefined": false
      }
    ],
    "isTemplate": false,
    "count": 0,
    "lang": "en",
    "updated": 0
  },
  {
    "id": "7ac8951e-c963-4996-bc14-24b0d4fac8a7",
    "data": [
      {
        "text": "Make an appointment for ",
        "userDefined": false
      },
      {
        "text": "three",
        "meta": "@sys.date-time",
        "alias": "dateTime",
        "userDefined": true
      }
    ],
    "isTemplate": false,
    "count": 0,
    "lang": "en",
    "updated": 0
  },
  {
    "id": "a24eddb9-3bab-413f-9e18-40a59c3b8c75",
    "data": [
      {
        "text": "Make an appointment.",
        "userDefined": false
      }
    ],
    "isTemplate": false,
    "count": 0,
    "lang": "en",
    "updated": 0
  }
]