[
  {
    "id": "5736e045-5e25-44fd-b474-5d6d7febe921",
    "data": [
      {
        "text": "um ",
        "userDefined": false
      },
      {
        "text": "yeah",
        "meta": "@sys.ignore",
        "userDefined": false
      },
      {
        "text": " please",
        "userDefined": false
      }
    ],
    "isTemplate": false,
    "count": 0,
    "lang": "en",
    "updated": 0
  },
  {
    "id": "304b56a8-7542-4b08-bb65-80f2475d2a38",
    "data": [
      {
        "text": "yes",
        "meta": "@sys.ignore",
        "userDefined": false
      }
    ],
    "isTemplate": false,
    "count": 0,
    "lang": "en",
    "updated": 0
  },
  {
    "id": "ee2b766e-149f-4848-80ab-434ee56c6f44",
    "data": [
      {
        "text": "um ",
        "userDefined": false
      },
      {
        "text": "yeah",
        "meta": "@sys.ignore",
        "userDefined": false
      }
    ],
    "isTemplate": false,
    "count": 0,
    "lang": "en",
    "updated": 0
  },
  {
    "id": "f1ec665b-8478-4807-9299-2f2e60850cd8",
    "data": [
      {
        "text": "yeah",
        "meta": "@sys.ignore",
        "userDefined": false
      },
      {
        "text": " please",
        "userDefined": false
      }
    ],
    "isTemplate": false,
    "count": 0,
    "lang": "en",
    "updated": 0
  },
  {
    "id": "67833747-048a-4b47-a7fb-471c97339d07",
    "data": [
      {
        "text": "yeah",
        "meta": "@sys.ignore",
        "userDefined": false
      }
    ],
    "isTemplate": false,
    "count": 0,
    "lang": "en",
    "updated": 0
  },
  {
    "id": "6f2d8841-e75b-4cfb-8f91-baa1a89189e0",
    "data": [
      {
        "text": "um ",
        "userDefined": false
      },
      {
        "text": "yes please",
        "meta": "@sys.ignore",
        "userDefined": false
      }
    ],
    "isTemplate": false,
    "count": 0,
    "lang": "en",
    "updated": 0
  },
  {
    "id": "92877881-ba82-4dac-b3d0-6458cde6e8f4",
    "data": [
      {
        "text": "um ",
        "userDefined": false
      },
      {
        "text": "yes",
        "meta": "@sys.ignore",
        "userDefined": false
      }
    ],
    "isTemplate": false,
    "count": 0,
    "lang": "en",
    "updated": 0
  },
  {
    "id": "1fb55de8-d877-4e14-b9ab-1c10af92fd65",
    "data": [
      {
        "text": "yes please",
        "meta": "@sys.ignore",
        "userDefined": false
      }
    ],
    "isTemplate": false,
    "count": 1,
    "lang": "en",
    "updated": 0
  }
]