[
  {
    "id": "3766f401-e17a-4c0b-9bbf-39f55ae9b73e",
    "data": [
      {
        "text": "that\u0027s right",
        "userDefined": false
      }
    ],
    "isTemplate": false,
    "count": 0,
    "lang": "en",
    "updated": 0
  },
  {
    "id": "45434598-bc32-4dfd-acbe-b496f85eb3e4",
    "data": [
      {
        "text": "yep",
        "meta": "@confirm",
        "alias": "confirm",
        "userDefined": false
      }
    ],
    "isTemplate": false,
    "count": 0,
    "lang": "en",
    "updated": 0
  },
  {
    "id": "65855ca0-c02e-4a02-b4cd-a4d2b613f51a",
    "data": [
      {
        "text": "yeah",
        "meta": "@confirm",
        "alias": "confirm",
        "userDefined": false
      }
    ],
    "isTemplate": false,
    "count": 0,
    "lang": "en",
    "updated": 0
  },
  {
    "id": "f18ae770-2c98-4bd4-ba09-3a0567b05f48",
    "data": [
      {
        "text": "yes",
        "meta": "@confirm",
        "alias": "confirm",
        "userDefined": false
      }
    ],
    "isTemplate": false,
    "count": 0,
    "lang": "en",
    "updated": 0
  }
]