[
  {
    "id": "5491e8a0-b4cd-4582-92a4-257c26622793",
    "data": [
      {
        "text": "march",
        "meta": "@month",
        "alias": "month",
        "userDefined": false
      },
      {
        "text": " ",
        "userDefined": false
      },
      {
        "text": "3",
        "meta": "@sys.number",
        "alias": "day",
        "userDefined": false
      },
      {
        "text": " ",
        "userDefined": false
      },
      {
        "text": "1987",
        "meta": "@sys.cardinal",
        "alias": "year",
        "userDefined": false
      }
    ],
    "isTemplate": false,
    "count": 0,
    "lang": "en",
    "updated": 0
  },
  {
    "id": "a44fbd78-f264-4828-9305-afffb1ae6530",
    "data": [
      {
        "text": "it\u0027s ",
        "userDefined": false
      },
      {
        "text": "march",
        "meta": "@month",
        "alias": "month",
        "userDefined": false
      },
      {
        "text": " ",
        "userDefined": false
      },
      {
        "text": "2",
        "meta": "@sys.number",
        "alias": "day",
        "userDefined": false
      },
      {
        "text": " ",
        "userDefined": false
      },
      {
        "text": "1987",
        "meta": "@sys.cardinal",
        "alias": "year",
        "userDefined": false
      }
    ],
    "isTemplate": false,
    "count": 0,
    "lang": "en",
    "updated": 0
  },
  {
    "id": "5846f6b5-7041-4108-9839-19b7679c3e9e",
    "data": [
      {
        "text": "march",
        "meta": "@month",
        "alias": "month",
        "userDefined": true
      },
      {
        "text": " ",
        "userDefined": false
      },
      {
        "text": "3rd",
        "meta": "@sys.number",
        "alias": "day",
        "userDefined": true
      },
      {
        "text": ", ",
        "userDefined": false
      },
      {
        "text": "1987",
        "meta": "@sys.cardinal",
        "alias": "year",
        "userDefined": true
      }
    ],
    "isTemplate": false,
    "count": 1,
    "lang": "en",
    "updated": 0
  }
]