[
  {
    "id": "27b5b1b2-8d93-4204-998f-ca1df55940fd",
    "data": [
      {
        "text": "Where can I get some food?",
        "userDefined": false
      }
    ],
    "isTemplate": false,
    "count": 0,
    "updated": 1546281595
  },
  {
    "id": "f7b07214-210f-42e8-965b-b0d752edd7e6",
    "data": [
      {
        "text": "Where is a good place to eat?",
        "userDefined": false
      }
    ],
    "isTemplate": false,
    "count": 0,
    "updated": 1546281595
  },
  {
    "id": "8ed18339-1db0-4a6f-b43a-e7a17619ce43",
    "data": [
      {
        "text": "recommend a restaurant",
        "userDefined": false
      }
    ],
    "isTemplate": false,
    "count": 0,
    "updated": 1544425750
  }
]