[
  {
    "id": "b66ecc0e-131d-457f-8bdb-1411d14daf58",
    "data": [
      {
        "text": "no",
        "meta": "@confirm",
        "alias": "confirm",
        "userDefined": false
      },
      {
        "text": " it\u0027s ",
        "userDefined": false
      },
      {
        "text": "1988",
        "meta": "@sys.number",
        "alias": "dayoryear",
        "userDefined": false
      }
    ],
    "isTemplate": false,
    "count": 0,
    "lang": "en",
    "updated": 0
  },
  {
    "id": "2a712ffb-e9f3-4d38-b1c2-148cc8f29efe",
    "data": [
      {
        "text": "no",
        "meta": "@confirm",
        "alias": "confirm",
        "userDefined": false
      },
      {
        "text": " it\u0027s the ",
        "userDefined": false
      },
      {
        "text": "23rd",
        "meta": "@sys.number",
        "alias": "dayoryear",
        "userDefined": false
      }
    ],
    "isTemplate": false,
    "count": 0,
    "lang": "en",
    "updated": 0
  },
  {
    "id": "a41ba560-0676-4df1-8a0a-c70983108f65",
    "data": [
      {
        "text": "no",
        "meta": "@confirm",
        "alias": "confirm",
        "userDefined": false
      },
      {
        "text": " it\u0027s ",
        "userDefined": false
      },
      {
        "text": "march",
        "meta": "@month",
        "alias": "month",
        "userDefined": true
      },
      {
        "text": " ",
        "userDefined": false
      },
      {
        "text": "23",
        "meta": "@sys.number",
        "alias": "day",
        "userDefined": true
      }
    ],
    "isTemplate": false,
    "count": 0,
    "lang": "en",
    "updated": 0
  },
  {
    "id": "6fd4cb4a-bdfe-4a4b-87ce-92dda092a944",
    "data": [
      {
        "text": "no",
        "meta": "@confirm",
        "alias": "confirm",
        "userDefined": false
      },
      {
        "text": ", it\u0027s ",
        "userDefined": false
      },
      {
        "text": "march",
        "meta": "@month",
        "alias": "month",
        "userDefined": false
      }
    ],
    "isTemplate": false,
    "count": 0,
    "lang": "en",
    "updated": 0
  },
  {
    "id": "6320ef28-017d-480d-a783-7392820e37a3",
    "data": [
      {
        "text": "no",
        "meta": "@confirm",
        "alias": "confirm",
        "userDefined": false
      },
      {
        "text": " it\u0027s ",
        "userDefined": false
      },
      {
        "text": "march",
        "meta": "@month",
        "alias": "month",
        "userDefined": true
      },
      {
        "text": " ",
        "userDefined": false
      },
      {
        "text": "23",
        "meta": "@sys.number",
        "alias": "day",
        "userDefined": true
      },
      {
        "text": " ",
        "userDefined": false
      },
      {
        "text": "2001",
        "meta": "@sys.cardinal",
        "alias": "year",
        "userDefined": true
      }
    ],
    "isTemplate": false,
    "count": 0,
    "lang": "en",
    "updated": 0
  },
  {
    "id": "a9a03b15-710b-4964-8bdd-deb73bb7568a",
    "data": [
      {
        "text": "no",
        "meta": "@confirm",
        "alias": "confirm",
        "userDefined": false
      },
      {
        "text": " it\u0027s ",
        "userDefined": false
      },
      {
        "text": "march",
        "meta": "@month",
        "alias": "month",
        "userDefined": true
      },
      {
        "text": " ",
        "userDefined": false
      },
      {
        "text": "23rd",
        "meta": "@sys.number",
        "alias": "day",
        "userDefined": true
      },
      {
        "text": " ",
        "userDefined": false
      },
      {
        "text": "2001",
        "meta": "@sys.cardinal",
        "alias": "year",
        "userDefined": true
      }
    ],
    "isTemplate": false,
    "count": 0,
    "lang": "en",
    "updated": 0
  }
]