[
  {
    "id": "5846f6b5-7041-4108-9839-19b7679c3e9e",
    "data": [
      {
        "text": "march",
        "meta": "@month",
        "alias": "month",
        "userDefined": true
      },
      {
        "text": " ",
        "userDefined": false
      },
      {
        "text": "3rd",
        "meta": "@sys.number",
        "alias": "day",
        "userDefined": true
      },
      {
        "text": ", ",
        "userDefined": false
      },
      {
        "text": "1987",
        "meta": "@sys.cardinal",
        "alias": "year",
        "userDefined": true
      }
    ],
    "isTemplate": false,
    "count": 1,
    "lang": "en",
    "updated": 0
  }
]