[
  {
    "id": "e9cd94a4-fa31-4898-ae3d-d04c5381ff8a",
    "data": [
      {
        "text": "How about ",
        "userDefined": false
      },
      {
        "text": "Thursday",
        "meta": "@sys.date",
        "alias": "date",
        "userDefined": false
      },
      {
        "text": "?",
        "userDefined": false
      }
    ],
    "isTemplate": false,
    "count": 0,
    "lang": "en",
    "updated": 0
  },
  {
    "id": "2fcc7c39-97f0-4986-b07e-6961421e62c3",
    "data": [
      {
        "text": "How about ",
        "userDefined": false
      },
      {
        "text": "tomorrow",
        "meta": "@sys.date",
        "alias": "date",
        "userDefined": false
      },
      {
        "text": "?",
        "userDefined": false
      }
    ],
    "isTemplate": false,
    "count": 0,
    "lang": "en",
    "updated": 0
  }
]