[
  {
    "id": "0423f6dc-1978-44e1-87f9-0162450f538a",
    "data": [
      {
        "text": "say that again",
        "userDefined": false
      }
    ],
    "isTemplate": false,
    "count": 1,
    "lang": "en",
    "updated": 0
  },
  {
    "id": "75320bd5-b909-4a7c-8948-487135a5a26f",
    "data": [
      {
        "text": "say again",
        "userDefined": false
      }
    ],
    "isTemplate": false,
    "count": 0,
    "lang": "en",
    "updated": 0
  },
  {
    "id": "d596e581-e013-4b8c-8259-b4b36b66790d",
    "data": [
      {
        "text": "again",
        "userDefined": false
      }
    ],
    "isTemplate": false,
    "count": 0,
    "lang": "en",
    "updated": 0
  },
  {
    "id": "9a5ea236-6038-44fe-ae75-bdac0966fc0d",
    "data": [
      {
        "text": "repeat that",
        "userDefined": false
      }
    ],
    "isTemplate": false,
    "count": 0,
    "lang": "en",
    "updated": 0
  },
  {
    "id": "b1e7ecfe-9301-49e1-8c20-53bf84e8eb61",
    "data": [
      {
        "text": "repeat",
        "userDefined": false
      }
    ],
    "isTemplate": false,
    "count": 0,
    "lang": "en",
    "updated": 0
  }
]