[
  {
    "value": "January",
    "synonyms": [
      "January",
      "1"
    ]
  },
  {
    "value": "Februrary",
    "synonyms": [
      "Februrary",
      "2"
    ]
  },
  {
    "value": "March",
    "synonyms": [
      "March",
      "3"
    ]
  },
  {
    "value": "April",
    "synonyms": [
      "April",
      "4"
    ]
  },
  {
    "value": "May",
    "synonyms": [
      "May",
      "5"
    ]
  },
  {
    "value": "June",
    "synonyms": [
      "June",
      "6"
    ]
  },
  {
    "value": "July",
    "synonyms": [
      "July",
      "7"
    ]
  },
  {
    "value": "August",
    "synonyms": [
      "August",
      "8"
    ]
  },
  {
    "value": "September",
    "synonyms": [
      "September",
      "9"
    ]
  },
  {
    "value": "October",
    "synonyms": [
      "October",
      "10"
    ]
  },
  {
    "value": "November",
    "synonyms": [
      "November",
      "11"
    ]
  },
  {
    "value": "December",
    "synonyms": [
      "December",
      "12"
    ]
  }
]