[
  {
    "id": "412d9112-d0ae-4b4c-b192-3225f677cdd5",
    "data": [
      {
        "text": "Make an appointment for ",
        "userDefined": false
      },
      {
        "text": "three",
        "alias": "dateTime",
        "meta": "@sys.number",
        "userDefined": true
      },
      {
        "text": " ",
        "userDefined": false
      },
      {
        "text": "PM",
        "alias": "AMPM",
        "meta": "@AMPM",
        "userDefined": true
      },
      {
        "text": ".",
        "userDefined": false
      }
    ],
    "isTemplate": false,
    "count": 0,
    "updated": 1550457449
  },
  {
    "id": "1354b6af-1122-4550-b563-6cdd15a9217c",
    "data": [
      {
        "text": "Make an appointment for ",
        "userDefined": false
      },
      {
        "text": "three",
        "alias": "dateTime",
        "meta": "@sys.number",
        "userDefined": true
      }
    ],
    "isTemplate": false,
    "count": 0,
    "updated": 1550457449
  },
  {
    "id": "840d5e05-12fb-498f-9c9f-8605aa38d60c",
    "data": [
      {
        "text": "Make an appointment.",
        "userDefined": false
      }
    ],
    "isTemplate": false,
    "count": 0,
    "updated": 1527555391
  }
]