[
  {
    "id": "aa7d60c7-b040-4fe6-abf9-0148fba094c3",
    "data": [
      {
        "text": "I had a ",
        "userDefined": false
      },
      {
        "text": "hamburger",
        "meta": "@foodDrink",
        "alias": "foodDrink",
        "userDefined": false
      },
      {
        "text": ", ",
        "userDefined": false
      },
      {
        "text": "fries",
        "meta": "@foodDrink",
        "alias": "foodDrink",
        "userDefined": false
      },
      {
        "text": ", and a ",
        "userDefined": false
      },
      {
        "text": "diet coke",
        "meta": "@foodDrink",
        "alias": "foodDrink",
        "userDefined": false
      },
      {
        "text": ".",
        "userDefined": false
      }
    ],
    "isTemplate": false,
    "count": 0,
    "lang": "en",
    "updated": 0
  },
  {
    "id": "19af0a5b-c268-4188-8f08-c08bf2113041",
    "data": [
      {
        "text": "For ",
        "userDefined": false
      },
      {
        "text": "lunch",
        "meta": "@meal",
        "alias": "meal",
        "userDefined": true
      },
      {
        "text": " I had a ",
        "userDefined": false
      },
      {
        "text": "hamburger",
        "meta": "@foodDrink",
        "alias": "foodDrink",
        "userDefined": true
      },
      {
        "text": ", ",
        "userDefined": false
      },
      {
        "text": "fries",
        "meta": "@foodDrink",
        "alias": "foodDrink",
        "userDefined": true
      },
      {
        "text": ", and a ",
        "userDefined": false
      },
      {
        "text": "diet coke",
        "meta": "@foodDrink",
        "alias": "foodDrink",
        "userDefined": true
      },
      {
        "text": ".",
        "userDefined": false
      }
    ],
    "isTemplate": false,
    "count": 0,
    "lang": "en",
    "updated": 0
  }
]