[
  {
    "id": "4595f003-384a-4d37-9055-188f252d8f34",
    "data": [
      {
        "text": "Make an appointment for ",
        "userDefined": false
      },
      {
        "text": "three",
        "meta": "@sys.date-time",
        "alias": "dateTime",
        "userDefined": true
      },
      {
        "text": " ",
        "userDefined": false
      },
      {
        "text": "PM",
        "meta": "@AMPM",
        "alias": "AMPM",
        "userDefined": true
      },
      {
        "text": ".",
        "userDefined": false
      }
    ],
    "isTemplate": false,
    "count": 0,
    "lang": "en",
    "updated": 0
  },
  {
    "id": "0cc2577f-cf76-4d88-bde8-82a3ae82c725",
    "data": [
      {
        "text": "Make an appointment for ",
        "userDefined": false
      },
      {
        "text": "three",
        "meta": "@sys.date-time",
        "alias": "dateTime",
        "userDefined": true
      }
    ],
    "isTemplate": false,
    "count": 0,
    "lang": "en",
    "updated": 0
  },
  {
    "id": "19db739c-1ea0-41cd-9133-ffe175508e73",
    "data": [
      {
        "text": "Make an appointment.",
        "userDefined": false
      }
    ],
    "isTemplate": false,
    "count": 0,
    "lang": "en",
    "updated": 0
  }
]