[
  {
    "id": "164df826-6e36-40b1-8070-c68fa08dfe3d",
    "data": [
      {
        "text": "laxoly",
        "meta": "@laxative",
        "alias": "laxative",
        "userDefined": false
      }
    ],
    "isTemplate": false,
    "count": 1,
    "lang": "en",
    "updated": 0
  },
  {
    "id": "373f3e53-029b-4567-86dd-66636e7070cd",
    "data": [
      {
        "text": "colax",
        "meta": "@laxative",
        "alias": "laxative",
        "userDefined": false
      }
    ],
    "isTemplate": false,
    "count": 0,
    "lang": "en",
    "updated": 0
  },
  {
    "id": "fe9e4edb-f977-4d55-b570-9b2941f57cd4",
    "data": [
      {
        "text": "miralax",
        "meta": "@laxative",
        "alias": "laxative",
        "userDefined": false
      }
    ],
    "isTemplate": false,
    "count": 0,
    "lang": "en",
    "updated": 0
  }
]