[
  {
    "id": "fd63e9d9-2819-4696-9855-9e4844240ebc",
    "data": [
      {
        "text": "For ",
        "userDefined": false
      },
      {
        "text": "lunch",
        "alias": "meal",
        "meta": "@meal",
        "userDefined": true
      },
      {
        "text": " I had a ",
        "userDefined": false
      },
      {
        "text": "hamburger",
        "alias": "foodDrink",
        "meta": "@foodDrink",
        "userDefined": true
      },
      {
        "text": ", ",
        "userDefined": false
      },
      {
        "text": "fries",
        "alias": "foodDrink",
        "meta": "@foodDrink",
        "userDefined": true
      },
      {
        "text": ", and a ",
        "userDefined": false
      },
      {
        "text": "diet coke",
        "alias": "foodDrink",
        "meta": "@foodDrink",
        "userDefined": true
      },
      {
        "text": ".",
        "userDefined": false
      }
    ],
    "isTemplate": false,
    "count": 0,
    "updated": 1528068889
  }
]