[
  {
    "id": "95a627fc-aff6-43bd-8000-f37e2656e62a",
    "data": [
      {
        "text": "Call ",
        "userDefined": false
      },
      {
        "text": "Brent",
        "meta": "@sys.given-name",
        "alias": "given-name",
        "userDefined": false
      }
    ],
    "isTemplate": false,
    "count": 1,
    "lang": "en",
    "updated": 0
  },
  {
    "id": "bccca760-ee2c-4061-b0f1-237599cdc29c",
    "data": [
      {
        "text": "Call ",
        "userDefined": false
      },
      {
        "text": "Brent",
        "meta": "@sys.given-name",
        "alias": "given-name",
        "userDefined": false
      },
      {
        "text": " ",
        "userDefined": false
      },
      {
        "text": "Jones",
        "meta": "@sys.last-name",
        "alias": "last-name",
        "userDefined": false
      }
    ],
    "isTemplate": false,
    "count": 0,
    "lang": "en",
    "updated": 0
  }
]