[
  {
    "id": "1d5ea571-c95f-40f9-9bcb-97f41e4e8225",
    "data": [
      {
        "text": "I had a ",
        "userDefined": false
      },
      {
        "text": "hamburger",
        "meta": "@foodDrink",
        "alias": "foodDrink",
        "userDefined": false
      },
      {
        "text": ", ",
        "userDefined": false
      },
      {
        "text": "fries",
        "meta": "@foodDrink",
        "alias": "foodDrink",
        "userDefined": false
      },
      {
        "text": ", and a ",
        "userDefined": false
      },
      {
        "text": "diet coke",
        "meta": "@foodDrink",
        "alias": "foodDrink",
        "userDefined": false
      },
      {
        "text": ".",
        "userDefined": false
      }
    ],
    "isTemplate": false,
    "count": 0,
    "lang": "en",
    "updated": 0
  },
  {
    "id": "e10ca11a-a703-4167-af15-2650dfa3ffb8",
    "data": [
      {
        "text": "For ",
        "userDefined": false
      },
      {
        "text": "lunch",
        "meta": "@meal",
        "alias": "meal",
        "userDefined": true
      },
      {
        "text": " I had a ",
        "userDefined": false
      },
      {
        "text": "hamburger",
        "meta": "@foodDrink",
        "alias": "foodDrink",
        "userDefined": true
      },
      {
        "text": ", ",
        "userDefined": false
      },
      {
        "text": "fries",
        "meta": "@foodDrink",
        "alias": "foodDrink",
        "userDefined": true
      },
      {
        "text": ", and a ",
        "userDefined": false
      },
      {
        "text": "diet coke",
        "meta": "@foodDrink",
        "alias": "foodDrink",
        "userDefined": true
      },
      {
        "text": ".",
        "userDefined": false
      }
    ],
    "isTemplate": false,
    "count": 0,
    "lang": "en",
    "updated": 0
  }
]