[
  {
    "id": "4eac39c5-76ba-4a6d-b55d-22831189d11c",
    "data": [
      {
        "text": "yeah",
        "meta": "@confirm",
        "alias": "confirm",
        "userDefined": true
      }
    ],
    "isTemplate": false,
    "count": 0,
    "lang": "en",
    "updated": 0
  },
  {
    "id": "d29c37d6-2a3c-4e86-9afa-4a2c669ba296",
    "data": [
      {
        "text": "nope",
        "meta": "@confirm",
        "alias": "confirm",
        "userDefined": true
      }
    ],
    "isTemplate": false,
    "count": 0,
    "lang": "en",
    "updated": 0
  },
  {
    "id": "c22917f0-0747-4adf-9411-1bf5b1461b0e",
    "data": [
      {
        "text": "yes",
        "meta": "@confirm",
        "alias": "confirm",
        "userDefined": true
      }
    ],
    "isTemplate": false,
    "count": 0,
    "lang": "en",
    "updated": 0
  },
  {
    "id": "3ca94295-99de-4f56-a7c1-29fc6fa13bf5",
    "data": [
      {
        "text": "no",
        "meta": "@confirm",
        "alias": "confirm",
        "userDefined": true
      }
    ],
    "isTemplate": false,
    "count": 0,
    "lang": "en",
    "updated": 0
  }
]