[
  {
    "id": "cb177924-0a7b-48fb-8d42-ad268fb2def5",
    "data": [
      {
        "text": "what can I say",
        "userDefined": false
      }
    ],
    "isTemplate": false,
    "count": 1,
    "lang": "en",
    "updated": 0
  },
  {
    "id": "e78e8f3d-531e-4638-9852-a8a04da11ee6",
    "data": [
      {
        "text": "what can I do",
        "userDefined": false
      }
    ],
    "isTemplate": false,
    "count": 0,
    "lang": "en",
    "updated": 0
  },
  {
    "id": "c1b82f2d-747b-41ba-ab16-e5765227c88e",
    "data": [
      {
        "text": "tell me more",
        "userDefined": false
      }
    ],
    "isTemplate": false,
    "count": 0,
    "lang": "en",
    "updated": 0
  },
  {
    "id": "1b7ad729-c079-4fbf-a858-cbf025f8ab33",
    "data": [
      {
        "text": "more info",
        "userDefined": false
      }
    ],
    "isTemplate": false,
    "count": 0,
    "lang": "en",
    "updated": 0
  },
  {
    "id": "1a4115a7-b7ec-4415-9eff-7239c6a914eb",
    "data": [
      {
        "text": "help",
        "userDefined": false
      }
    ],
    "isTemplate": false,
    "count": 0,
    "lang": "en",
    "updated": 0
  }
]