[
  {
    "id": "1b14b358-2f74-4b00-87f9-5fa7861393d4",
    "data": [
      {
        "text": "colax",
        "meta": "@laxative",
        "alias": "laxative",
        "userDefined": false
      }
    ],
    "isTemplate": false,
    "count": 0,
    "lang": "en",
    "updated": 0
  },
  {
    "id": "b93ba526-2a8b-4dcd-ab38-51d4a2be8861",
    "data": [
      {
        "text": "laxoly",
        "meta": "@laxative",
        "alias": "laxative",
        "userDefined": false
      }
    ],
    "isTemplate": false,
    "count": 1,
    "lang": "en",
    "updated": 0
  },
  {
    "id": "6f735c3e-5892-4c68-9e69-0b23b4563ae9",
    "data": [
      {
        "text": "miralax",
        "meta": "@laxative",
        "alias": "laxative",
        "userDefined": false
      }
    ],
    "isTemplate": false,
    "count": 0,
    "lang": "en",
    "updated": 0
  }
]