[
  {
    "id": "5b931b42-9262-4d5d-8b92-1d9de8628189",
    "data": [
      {
        "text": "person",
        "userDefined": false
      }
    ],
    "isTemplate": false,
    "count": 0,
    "lang": "en",
    "updated": 0
  },
  {
    "id": "166826c4-9bee-4b28-9714-37660fdabcb3",
    "data": [
      {
        "text": "human",
        "userDefined": false
      }
    ],
    "isTemplate": false,
    "count": 0,
    "lang": "en",
    "updated": 0
  },
  {
    "id": "6690eaf1-5545-4c4e-abfc-d302816d8445",
    "data": [
      {
        "text": "talk to a human",
        "userDefined": false
      }
    ],
    "isTemplate": false,
    "count": 0,
    "lang": "en",
    "updated": 0
  },
  {
    "id": "53931881-cba0-4cfe-b908-fe4db6155528",
    "data": [
      {
        "text": "talk to a person",
        "userDefined": false
      }
    ],
    "isTemplate": false,
    "count": 0,
    "lang": "en",
    "updated": 0
  },
  {
    "id": "9ec43d3e-e781-4844-a07b-2898e0410691",
    "data": [
      {
        "text": "agent",
        "userDefined": false
      }
    ],
    "isTemplate": false,
    "count": 0,
    "lang": "en",
    "updated": 0
  },
  {
    "id": "f167279e-853a-4ecc-b1bc-f443858fc837",
    "data": [
      {
        "text": "representative",
        "userDefined": false
      }
    ],
    "isTemplate": false,
    "count": 0,
    "lang": "en",
    "updated": 0
  }
]