[
  {
    "id": "b6fe83bb-c1a0-4cb0-b3da-429979354c9b",
    "data": [
      {
        "text": "Make an appointment for ",
        "userDefined": false
      },
      {
        "text": "three",
        "meta": "@sys.number",
        "alias": "dateTime",
        "userDefined": true
      },
      {
        "text": " ",
        "userDefined": false
      },
      {
        "text": "PM",
        "meta": "@AMPM",
        "alias": "AMPM",
        "userDefined": true
      },
      {
        "text": ".",
        "userDefined": false
      }
    ],
    "isTemplate": false,
    "count": 0,
    "lang": "en",
    "updated": 0
  },
  {
    "id": "2ae98777-6e85-4088-9c5d-7c7701d3a766",
    "data": [
      {
        "text": "Make an appointment for ",
        "userDefined": false
      },
      {
        "text": "three",
        "meta": "@sys.number",
        "alias": "dateTime",
        "userDefined": true
      }
    ],
    "isTemplate": false,
    "count": 0,
    "lang": "en",
    "updated": 0
  },
  {
    "id": "89367a49-4571-42e2-8180-0744a3ebb7e3",
    "data": [
      {
        "text": "Make an appointment.",
        "userDefined": false
      }
    ],
    "isTemplate": false,
    "count": 0,
    "lang": "en",
    "updated": 0
  }
]