[
  {
    "id": "b9f96dfa-0be1-4d60-a8f7-d41eb5006fc9",
    "data": [
      {
        "text": "Where can I get some food?",
        "userDefined": false
      }
    ],
    "isTemplate": false,
    "count": 0,
    "updated": 1546281595
  },
  {
    "id": "01fb6a3e-8c54-45ce-a727-2815eadb3f72",
    "data": [
      {
        "text": "Where is a good place to eat?",
        "userDefined": false
      }
    ],
    "isTemplate": false,
    "count": 0,
    "updated": 1546281595
  },
  {
    "id": "72e70181-5e5a-4a13-9dae-9b80aea0d225",
    "data": [
      {
        "text": "recommend a restaurant",
        "userDefined": false
      }
    ],
    "isTemplate": false,
    "count": 0,
    "updated": 1544425750
  }
]